{"cameraMode":{"drawMode":0,"name":"Shaded","section":"Shading Mode"},"sceneLighting":false,"audioPlay":false,"sceneViewState":{"m_AlwaysRefresh":false,"showFog":true,"showSkybox":false,"showFlares":true,"showImageEffects":true,"showParticleSystems":true,"showVisualEffectGraphs":true,"m_FxEnabled":true},"in2DMode":false,"pivot":{"x":1.5248981714248658,"y":-0.3575482964515686,"z":-44.318214416503909},"rotation":{"x":0.24606508016586305,"y":0.557881236076355,"z":-0.17772172391414643,"w":0.7724297642707825},"size":2.9412808418273927,"orthographic":false}